Año;Mes;TOTAL;;;;;;;;;;;;;;;;;;;
2004;enero;27.829;;;;;;;;;;;;;;;;;;;
2004;febrero;27.420;;;;;;;;;;;;;;;;;;;
2004;marzo;29.592;;;;;;;;;;;;;;;;;;;
2004;abril;25.025;;;;;;;;;;;;;;;;;;;
2004;mayo;24.062;;;;;;;;;;;;;;;;;;;
2004;junio;23.949;;;;;;;;;;;;;;;;;;;
2004;julio;26.001;;;;;;;;;;;;;;;;;;;
2004;agosto;20.975;;;;;;;;;;;;;;;;;;;
2004;septiembre;25.303;;;;;;;;;;;;;;;;;;;
2004;octubre;26.596;;;;;;;;;;;;;;;;;;;
2004;noviembre;31.002;;;;;;;;;;;;;;;;;;;
2004;diciembre;30.654;;;;;;;;;;;;;;;;;;;
2005;enero;34.911;;;;;;;;;;;;;;;;;;;
2005;febrero;35.123;;;;;;;;;;;;;;;;;;;
2005;marzo;33.190;;;;;;;;;;;;;;;;;;;
2005;abril;29.276;;;;;;;;;;;;;;;;;;;
2005;mayo;28.343;;;;;;;;;;;;;;;;;;;
2005;junio;30.793;;;;;;;;;;;;;;;;;;;
2005;julio;31.445;;;;;;;;;;;;;;;;;;;
2005;agosto;25.481;;;;;;;;;;;;;;;;;;;
2005;septiembre;28.640;;;;;;;;;;;;;;;;;;;
2005;octubre;28.541;;;;;;;;;;;;;;;;;;;
2005;noviembre;33.953;;;;;;;;;;;;;;;;;;;
2005;diciembre;36.533;;;;;;;;;;;;;;;;;;;
2006;enero;39.486;;;;;;;;;;;;;;;;;;;
2006;febrero;37.640;;;;;;;;;;;;;;;;;;;
2006;marzo;35.076;;;;;;;;;;;;;;;;;;;
2006;abril;29.585;;;;;;;;;;;;;;;;;;;
2006;mayo;31.376;;;;;;;;;;;;;;;;;;;
2006;junio;31.771;;;;;;;;;;;;;;;;;;;
2006;julio;33.135;;;;;;;;;;;;;;;;;;;
2006;agosto;27.078;;;;;;;;;;;;;;;;;;;
2006;septiembre;31.060;;;;;;;;;;;;;;;;;;;
2006;octubre;28.715;;;;;;;;;;;;;;;;;;;
2006;noviembre;29.661;;;;;;;;;;;;;;;;;;;
2006;diciembre;34.854;;;;;;;;;;;;;;;;;;;
2007;enero;41.189;;;;;;;;;;;;;;;;;;;
2007;febrero;32.608;;;;;;;;;;;;;;;;;;;
2007;marzo;33.742;;;;;;;;;;;;;;;;;;;
2007;abril;29.600;;;;;;;;;;;;;;;;;;;
2007;mayo;29.464;;;;;;;;;;;;;;;;;;;
2007;junio;31.953;;;;;;;;;;;;;;;;;;;
2007;julio;32.940;;;;;;;;;;;;;;;;;;;
2007;agosto;26.616;;;;;;;;;;;;;;;;;;;
2007;septiembre;30.492;;;;;;;;;;;;;;;;;;;
2007;octubre;33.564;;;;;;;;;;;;;;;;;;;
2007;noviembre;41.058;;;;;;;;;;;;;;;;;;;
2007;diciembre;43.071;;;;;;;;;;;;;;;;;;;
2008;enero;45.646;;;;;;;;;;;;;;;;;;;
2008;febrero;42.840;;;;;;;;;;;;;;;;;;;
2008;marzo;39.213;;;;;;;;;;;;;;;;;;;
2008;abril;36.260;;;;;;;;;;;;;;;;;;;
2008;mayo;35.832;;;;;;;;;;;;;;;;;;;
2008;junio;34.760;;;;;;;;;;;;;;;;;;;
2008;julio;37.373;;;;;;;;;;;;;;;;;;;
2008;agosto;33.002;;;;;;;;;;;;;;;;;;;
2008;septiembre;34.238;;;;;;;;;;;;;;;;;;;
2008;octubre;35.495;;;;;;;;;;;;;;;;;;;
2008;noviembre;38.638;;;;;;;;;;;;;;;;;;;
2008;diciembre;37.429;;;;;;;;;;;;;;;;;;;
2009;enero;39.856;;;;;;;;;;;;;;;;;;;
2009;febrero;33.255;;;;;;;;;;;;;;;;;;;
2009;marzo;32.951;;;;;;;;;;;;;;;;;;;
2009;abril;31.386;;;;;;;;;;;;;;;;;;;
2009;mayo;29.874;;;;;;;;;;;;;;;;;;;
2009;junio;32.658;;;;;;;;;;;;;;;;;;;
2009;julio;34.730;;;;;;;;;;;;;;;;;;;
2009;agosto;31.480;;;;;;;;;;;;;;;;;;;
2009;septiembre;32.150;;;;;;;;;;;;;;;;;;;
2009;octubre;32.518;;;;;;;;;;;;;;;;;;;
2009;noviembre;34.175;;;;;;;;;;;;;;;;;;;
2009;diciembre;39.522;;;;;;;;;;;;;;;;;;;
2010;enero;40.071;;;;;;;;;;;;;;;;;;;
2010;febrero;36.579;;;;;;;;;;;;;;;;;;;
2010;marzo;35.483;;;;;;;;;;;;;;;;;;;
2010;abril;31.462;;;;;;;;;;;;;;;;;;;
2010;mayo;29.866;;;;;;;;;;;;;;;;;;;
2010;junio;29.950;;;;;;;;;;;;;;;;;;;
2010;julio;32.668;;;;;;;;;;;;;;;;;;;
2010;agosto;27.311;;;;;;;;;;;;;;;;;;;
2010;septiembre;31.510;;;;;;;;;;;;;;;;;;;
2010;octubre;31.581;;;;;;;;;;;;;;;;;;;
2010;noviembre;38.181;;;;;;;;;;;;;;;;;;;
2010;diciembre;39.654;;;;;;;;;;;;;;;;;;;
2011;enero;40.582;;;;;;;;;;;;;;;;;;;
2011;febrero;35.698;;;;;;;;;;;;;;;;;;;
2011;marzo;35.701;;;;;;;;;;;;;;;;;;;
2011;abril;26.396;;;;;;;;;;;;;;;;;;;
2011;mayo;29.847;;;;;;;;;;;;;;;;;;;
2011;junio;30.139;;;;;;;;;;;;;;;;;;;
2011;julio;27.953;;;;;;;;;;;;;;;;;;;
2011;agosto;26.592;;;;;;;;;;;;;;;;;;;
2011;septiembre;28.665;;;;;;;;;;;;;;;;;;;
2011;octubre;28.972;;;;;;;;;;;;;;;;;;;
2011;noviembre;31.735;;;;;;;;;;;;;;;;;;;
2011;diciembre;35.512;;;;;;;;;;;;;;;;;;;
2012;enero;39.582;;;;;;;;;;;;;;;;;;;
2012;febrero;40.027;;;;;;;;;;;;;;;;;;;
2012;marzo;32.794;;;;;;;;;;;;;;;;;;;
2012;abril;27.958;;;;;;;;;;;;;;;;;;;
2012;mayo;27.263;;;;;;;;;;;;;;;;;;;
2012;junio;25.990;;;;;;;;;;;;;;;;;;;
2012;julio;26.433;;;;;;;;;;;;;;;;;;;
2012;agosto;24.359;;;;;;;;;;;;;;;;;;;
2012;septiembre;25.182;;;;;;;;;;;;;;;;;;;
2012;octubre;29.282;;;;;;;;;;;;;;;;;;;
2012;noviembre;31.802;;;;;;;;;;;;;;;;;;;
2012;diciembre;34.679;;;;;;;;;;;;;;;;;;;
2013;enero;35.749;;;;;;;;;;;;;;;;;;;
2013;febrero;32.615;;;;;;;;;;;;;;;;;;;
2013;marzo;31.059;;;;;;;;;;;;;;;;;;;
2013;abril;26.577;;;;;;;;;;;;;;;;;;;
2013;mayo;26.074;;;;;;;;;;;;;;;;;;;
2013;junio;22.835;;;;;;;;;;;;;;;;;;;
2013;julio;24.402;;;;;;;;;;;;;;;;;;;
2013;agosto;21.058;;;;;;;;;;;;;;;;;;;
2013;septiembre;23.968;;;;;;;;;;;;;;;;;;;
2013;octubre;26.361;;;;;;;;;;;;;;;;;;;
2013;noviembre;29.359;;;;;;;;;;;;;;;;;;;
2013;diciembre;35.520;;;;;;;;;;;;;;;;;;;
2014;enero;31.903;;;;;;;;;;;;;;;;;;;
2014;febrero;28.459;;;;;;;;;;;;;;;;;;;
2014;marzo;26.790;;;;;;;;;;;;;;;;;;;
2014;abril;22.569;;;;;;;;;;;;;;;;;;;
2014;mayo;22.101;;;;;;;;;;;;;;;;;;;
2014;junio;22.351;;;;;;;;;;;;;;;;;;;
2014;julio;22.556;;;;;;;;;;;;;;;;;;;
2014;agosto;20.846;;;;;;;;;;;;;;;;;;;
2014;septiembre;24.162;;;;;;;;;;;;;;;;;;;
2014;octubre;23.665;;;;;;;;;;;;;;;;;;;
2014;noviembre;25.796;;;;;;;;;;;;;;;;;;;
2014;diciembre;30.522;;;;;;;;;;;;;;;;;;;
2015;enero;32.806;;;;;;;;;;;;;;;;;;;
2015;febrero;30.796;;;;;;;;;;;;;;;;;;;
2015;marzo;28.351;;;;;;;;;;;;;;;;;;;
2015;abril;24.347;;;;;;;;;;;;;;;;;;;
2015;mayo;22.457;;;;;;;;;;;;;;;;;;;
2015;junio;22.256;;;;;;;;;;;;;;;;;;;
2015;julio;25.633;;;;;;;;;;;;;;;;;;;
2015;agosto;21.030;;;;;;;;;;;;;;;;;;;
2015;septiembre;22.840;;;;;;;;;;;;;;;;;;;
2015;octubre;24.680;;;;;;;;;;;;;;;;;;;
2015;noviembre;27.908;;;;;;;;;;;;;;;;;;;
2015;diciembre;31.106;;;;;;;;;;;;;;;;;;;
2016;enero;29.986;;;;;;;;;;;;;;;;;;;
2016;febrero;28.320;;;;;;;;;;;;;;;;;;;
2016;marzo;29.150;;;;;;;;;;;;;;;;;;;
2016;abril;25.362;;;;;;;;;;;;;;;;;;;
2016;mayo;23.302;;;;;;;;;;;;;;;;;;;
2016;junio;22.123;;;;;;;;;;;;;;;;;;;
2016;julio;23.378;;;;;;;;;;;;;;;;;;;
2016;agosto;21.497;;;;;;;;;;;;;;;;;;;
2016;septiembre;23.365;;;;;;;;;;;;;;;;;;;
2016;octubre;27.262;;;;;;;;;;;;;;;;;;;
2016;noviembre;31.972;;;;;;;;;;;;;;;;;;;
2016;diciembre;34.239;;;;;;;;;;;;;;;;;;;
2017;enero;37.590;;;;;;;;;;;;;;;;;;;
2017;febrero;29.617;;;;;;;;;;;;;;;;;;;
2017;marzo;28.710;;;;;;;;;;;;;;;;;;;
2017;abril;23.782;;;;;;;;;;;;;;;;;;;
2017;mayo;23.817;;;;;;;;;;;;;;;;;;;
2017;junio;25.336;;;;;;;;;;;;;;;;;;;
2017;julio;27.179;;;;;;;;;;;;;;;;;;;
2017;agosto;25.059;;;;;;;;;;;;;;;;;;;
2017;septiembre;26.163;;;;;;;;;;;;;;;;;;;
2017;octubre;28.997;;;;;;;;;;;;;;;;;;;
2017;noviembre;35.987;;;;;;;;;;;;;;;;;;;
2017;diciembre;37.004;;;;;;;;;;;;;;;;;;;
2018;enero;34.700;;;;;;;;;;;;;;;;;;;
2018;febrero;33.575;;;;;;;;;;;;;;;;;;;
2018;marzo;31.409;;;;;;;;;;;;;;;;;;;
2018;abril;27.026;;;;;;;;;;;;;;;;;;;
2018;mayo;26.443;;;;;;;;;;;;;;;;;;;
2018;junio;24.652;;;;;;;;;;;;;;;;;;;
2018;julio;24.028;;;;;;;;;;;;;;;;;;;
2018;agosto;24.390;;;;;;;;;;;;;;;;;;;
2018;septiembre;25.214;;;;;;;;;;;;;;;;;;;
2018;octubre;27.816;;;;;;;;;;;;;;;;;;;
2018;noviembre;33.574;;;;;;;;;;;;;;;;;;;
2018;diciembre;34.620;;;;;;;;;;;;;;;;;;;
2019;enero;39.966;;;;;;;;;;;;;;;;;;;
2019;febrero;32.927;;;;;;;;;;;;;;;;;;;
2019;marzo;31.208;;;;;;;;;;;;;;;;;;;
2019;abril;30.580;;;;;;;;;;;;;;;;;;;
2019;mayo;30.348;;;;;;;;;;;;;;;;;;;
2019;junio;31.017;;;;;;;;;;;;;;;;;;;
2019;julio;34.603;;;;;;;;;;;;;;;;;;;
2019;agosto;32.960;;;;;;;;;;;;;;;;;;;
2019;septiembre;31.243;;;;;;;;;;;;;;;;;;;
2019;octubre;33.392;;;;;;;;;;;;;;;;;;;
2019;noviembre;35.547;;;;;;;;;;;;;;;;;;;
2019;diciembre;34.355;;;;;;;;;;;;;;;;;;;
2020;enero;38.514;;;;;;;;;;;;;;;;;;;
2020;febrero;32.397;;;;;;;;;;;;;;;;;;;
2020;marzo;29.285;;;;;;;;;;;;;;;;;;;
2020;abril;23.831;;;;;;;;;;;;;;;;;;;
2020;mayo;23.568;;;;;;;;;;;;;;;;;;;
2020;junio;26.310;;;;;;;;;;;;;;;;;;;
2020;julio;31.296;;;;;;;;;;;;;;;;;;;
2020;agosto;28.990;;;;;;;;;;;;;;;;;;;
2020;septiembre;29.028;;;;;;;;;;;;;;;;;;;
2020;octubre;28.545;;;;;;;;;;;;;;;;;;;
2020;noviembre;31.745;;;;;;;;;;;;;;;;;;;
2020;diciembre;34.972;;;;;;;;;;;;;;;;;;;
2021;enero;38.125;;;;;;;;;;;;;;;;;;;
2021;febrero;28.974;;;;;;;;;;;;;;;;;;;
2021;marzo;32.159;;;;;;;;;;;;;;;;;;;
2021;abril;30.933;;;;;;;;;;;;;;;;;;;
2021;mayo;27.101;;;;;;;;;;;;;;;;;;;
2021;junio;27.474;;;;;;;;;;;;;;;;;;;
2021;julio;27.982;;;;;;;;;;;;;;;;;;;
2021;agosto;27.311;;;;;;;;;;;;;;;;;;;
2021;septiembre;29.955;;;;;;;;;;;;;;;;;;;
2021;octubre;29.721;;;;;;;;;;;;;;;;;;;
2021;noviembre;39.630;;;;;;;;;;;;;;;;;;;
2021;diciembre;38.084;;;;;;;;;;;;;;;;;;;
2022;enero;41.587;;;;;;;;;;;;;;;;;;;
2022;febrero;34.970;;;;;;;;;;;;;;;;;;;
2022;marzo;33.660;;;;;;;;;;;;;;;;;;;
2022;abril;26.793;;;;;;;;;;;;;;;;;;;
2022;mayo;25.985;;;;;;;;;;;;;;;;;;;
2022;junio;29.199;;;;;;;;;;;;;;;;;;;
2022;julio;31.189;;;;;;;;;;;;;;;;;;;
2022;agosto;28.363;;;;;;;;;;;;;;;;;;;
2022;septiembre;28.147;;;;;;;;;;;;;;;;;;;
2022;octubre;28.296;;;;;;;;;;;;;;;;;;;
2022;noviembre;27.644;;;;;;;;;;;;;;;;;;;
2022;diciembre;27.453;;;;;;;;;;;;;;;;;;;
2023;enero;28.821;;;;;;;;;;;;;;;;;;;
2023;febrero;33.367;;;;;;;;;;;;;;;;;;;
2023;marzo;28.270;;;;;;;;;;;;;;;;;;;
2023;abril;24.569;;;;;;;;;;;;;;;;;;;
2023;mayo;24.725;;;;;;;;;;;;;;;;;;;
2023;junio;26.278;;;;;;;;;;;;;;;;;;;
2023;julio;26.256;;;;;;;;;;;;;;;;;;;
2023;agosto;25.129;;;;;;;;;;;;;;;;;;;
2023;septiembre;26.162;;;;;;;;;;;;;;;;;;;
2023;octubre;24.831;;;;;;;;;;;;;;;;;;;
2023;noviembre;25.666;;;;;;;;;;;;;;;;;;;
2023;diciembre;29.222;;;;;;;;;;;;;;;;;;;
2024;enero;33.342;;;;;;;;;;;;;;;;;;;
2024;febrero;27.311;;;;;;;;;;;;;;;;;;;
2024;marzo;27.150;;;;;;;;;;;;;;;;;;;
2024;abril;22.189;;;;;;;;;;;;;;;;;;;
2024;mayo;22.841;;;;;;;;;;;;;;;;;;;
2024;junio;21.265;;;;;;;;;;;;;;;;;;;
2024;julio;23.693;;;;;;;;;;;;;;;;;;;
2024;agosto;22.670;;;;;;;;;;;;;;;;;;;
2024;septiembre;22.745;;;;;;;;;;;;;;;;;;;
2024;octubre;23.776;;;;;;;;;;;;;;;;;;;
2024;noviembre;29.281;;;;;;;;;;;;;;;;;;;
2024;diciembre;34.726;;;;;;;;;;;;;;;;;;;
2025;enero;32.438;;;;;;;;;;;;;;;;;;;
2025;febrero;28.445;;;;;;;;;;;;;;;;;;;
2025;marzo;28.047;;;;;;;;;;;;;;;;;;;
2025;abril;23.339;;;;;;;;;;;;;;;;;;;
2025;mayo;24.652;;;;;;;;;;;;;;;;;;;
2025;junio;25.607;;;;;;;;;;;;;;;;;;;
2025;julio;25.265;;;;;;;;;;;;;;;;;;;
2025;agosto;23.222;;;;;;;;;;;;;;;;;;;
2025;septiembre;24.642;;;;;;;;;;;;;;;;;;;
2025;octubre;29.024;;;;;;;;;;;;;;;;;;;
2025;noviembre;30.532;;;;;;;;;;;;;;;;;;;
2025;diciembre;35.157;;;;;;;;;;;;;;;;;;;
2026;enero;35.646;;;;;;;;;;;;;;;;;;;
2026;febrero;27.400;;;;;;;;;;;;;;;;;;;
2026;marzo;27.697;;;;;;;;;;;;;;;;;;;
2026;abril;24.046;;;;;;;;;;;;;;;;;;;
2026;mayo;24.261;;;;;;;;;;;;;;;;;;;
2026;junio;23.778;;;;;;;;;;;;;;;;;;;
2026;julio;27.494;;;;;;;;;;;;;;;;;;;
